model_name,model_path,trained_model_path,size_mb,parameters,training_time_hours,default_map50,default_map50_95,default_precision,default_recall,best_confidence,optimized_map50,optimized_map50_95,optimized_precision,optimized_recall,map50_improvement,map50_95_improvement,precision_improvement,recall_improvement,avg_inference_time,fps,total_inference_time_yolo,fps_yolo,confidence_results,completed_at,part
yolov9t,yolov9t.pt,yolo_litter_detection_part2/yolov9t/weights/best.pt,4.7395734786987305,2128720,0.8541741789049573,0.44514314501881547,0.29478745392036343,0.643557410317367,0.40939807786926374,0.7,0.5836511766801699,0.46956344860617116,0.89198606271777,0.26750261233019856,0.1385080316613544,0.17477599468580773,0.24842865240040302,-0.14189546553906518,0.08472777366638183,11.802505326500496,0.009454410364219408,105.77074206388797,"[{'confidence': 0.001, 'mAP50': 0.5217959481919836, 'mAP50_95': 0.3667674854515488}, {'confidence': 0.1, 'mAP50': 0.5776760306448394, 'mAP50_95': 0.43107990619605435}, {'confidence': 0.2, 'mAP50': 0.5959920449818192, 'mAP50_95': 0.4542694154268278}, {'confidence': 0.3, 'mAP50': 0.6156218565999654, 'mAP50_95': 0.47461742875694163}, {'confidence': 0.4, 'mAP50': 0.6200486465512136, 'mAP50_95': 0.47945713537861784}, {'confidence': 0.5, 'mAP50': 0.6222849709525091, 'mAP50_95': 0.49009866082933523}, {'confidence': 0.6, 'mAP50': 0.622331409435489, 'mAP50_95': 0.4988253656534355}, {'confidence': 0.7, 'mAP50': 0.6239936229066314, 'mAP50_95': 0.513490835226449}, {'confidence': 0.8, 'mAP50': 0.600679978619425, 'mAP50_95': 0.5059807088987474}, {'confidence': 0.9, 'mAP50': 0.5428437500000001, 'mAP50_95': 0.49390438952597016}, {'confidence': 0.95, 'mAP50': 0.5035611510791368, 'mAP50_95': 0.45320503597122314}]",2025-07-13T00:25:33.536276,2
